q1,p1,q2,p2,q3,p3,q4,p4,q5,p5,qTotal,pTotal
0,0,0,0,0,0,150,44.603211641428,0,0,150,44.603211641428
